<?xml version="1.0"?>
<!DOCTYPE hibernate-mapping PUBLIC "-//Hibernate/Hibernate Mapping DTD 3.0//EN" "http://hibernate.sourceforge.net/hibernate-mapping-3.0.dtd">

<hibernate-mapping default-lazy="false" auto-import="false">
	<import class="com.lithan.liferay.service.model.Customer" />
	<import class="com.lithan.liferay.service.model.Servic" />
	<class name="com.lithan.liferay.service.model.impl.CustomerImpl" table="AAA_Customer">
		<cache usage="read-write" />
		<id name="customerId" type="long">
			<generator class="assigned" />
		</id>
		<property name="uuid" type="com.liferay.portal.dao.orm.hibernate.StringType" column="uuid_" />
		<property name="groupId" type="com.liferay.portal.dao.orm.hibernate.LongType" />
		<property name="companyId" type="com.liferay.portal.dao.orm.hibernate.LongType" />
		<property name="userId" type="com.liferay.portal.dao.orm.hibernate.LongType" />
		<property name="userName" type="com.liferay.portal.dao.orm.hibernate.StringType" />
		<property name="createDate" type="org.hibernate.type.TimestampType" />
		<property name="modifiedDate" type="org.hibernate.type.TimestampType" />
		<property name="servicId" type="com.liferay.portal.dao.orm.hibernate.LongType" />
		<property name="name" type="com.liferay.portal.dao.orm.hibernate.StringType" />
		<property name="email" type="com.liferay.portal.dao.orm.hibernate.StringType" />
		<property name="address" type="com.liferay.portal.dao.orm.hibernate.StringType" />
		<property name="nicNumber" type="com.liferay.portal.dao.orm.hibernate.StringType" />
		<property name="contactNumber" type="com.liferay.portal.dao.orm.hibernate.StringType" />
	</class>
	<class name="com.lithan.liferay.service.model.impl.ServicImpl" table="AAA_Servic">
		<cache usage="read-write" />
		<id name="servicId" type="long">
			<generator class="assigned" />
		</id>
		<property name="uuid" type="com.liferay.portal.dao.orm.hibernate.StringType" column="uuid_" />
		<property name="groupId" type="com.liferay.portal.dao.orm.hibernate.LongType" />
		<property name="companyId" type="com.liferay.portal.dao.orm.hibernate.LongType" />
		<property name="userId" type="com.liferay.portal.dao.orm.hibernate.LongType" />
		<property name="userName" type="com.liferay.portal.dao.orm.hibernate.StringType" />
		<property name="createDate" type="org.hibernate.type.TimestampType" />
		<property name="modifiedDate" type="org.hibernate.type.TimestampType" />
		<property name="servicName" type="com.liferay.portal.dao.orm.hibernate.StringType" />
		<property name="servicPrice" type="com.liferay.portal.dao.orm.hibernate.StringType" />
		<property name="servicDescription" type="com.liferay.portal.dao.orm.hibernate.StringType" />
	</class>
</hibernate-mapping>