<?xml version="1.0" encoding="UTF-8"?>
<!DOCTYPE service-builder PUBLIC "-//Liferay//DTD Service Builder 6.2.0//EN" "http://www.liferay.com/dtd/liferay-service-builder_6_2_0.dtd">
<service-builder package-path="com.lithan.liferay.service">
	<author>aades</author>
	<namespace>AAA</namespace>

	<entity name="Customer" local-service="true" uuid="true">

		<!-- PK fields -->

		<column name="customerId" type="long" primary="true"></column>

		<!-- Group instance -->

		<column name="groupId" type="long"></column>

		<!-- Audit fields -->

		<column name="companyId" type="long"></column>
		<column name="userId" type="long"></column>
		<column name="userName" type="String"></column>
		<column name="createDate" type="Date"></column>
		<column name="modifiedDate" type="Date"></column>
        <column name="servicId" type="long"></column>
        <column name="name" type="String"></column>
        <column name="email" type="String"></column>
        <column name="address" type="String"></column>
        <column name="nicNumber" type="String"></column>
        <column name="contactNumber" type="String"></column>
        <order>
            <order-column name="name" order-by="asc"></order-column>
        </order>
        <finder name="GroupId" return-type="Collection">
            <finder-column name="groupId"></finder-column>
        </finder>
	</entity>
	<entity name="Servic" local-service="true" uuid="true">

		<!-- PK fields -->

		<column name="servicId" type="long" primary="true"></column>

		<!-- Group instance -->

		<column name="groupId" type="long"></column>

		<!-- Audit fields -->

		<column name="companyId" type="long"></column>
		<column name="userId" type="long"></column>
		<column name="userName" type="String"></column>
		<column name="createDate" type="Date"></column>
		<column name="modifiedDate" type="Date"></column>
        <column name="servicName" type="String"></column>
        <column name="servicPrice" type="String"></column>
        <column name="servicDescription" type="String"></column>
        <order>
            <order-column name="servicName" order-by="asc"></order-column>
        </order>
        <finder name="GroupId" return-type="Collection">
            <finder-column name="groupId"></finder-column>
        </finder>
	</entity>
</service-builder>